CREATE TABLE Pieces ( code INT(5) PRIMARY KEY , Name VARCHAR(25) );



CREATE TABLE Providers ( code INT (5) PRIMARY KEY , Name VARCHAR(25) );



CREATE TABLE Provides ( 
Code INT(5) AUTO_INCREMENT,
Pieces INT REFERENCES Providers(code) , 
Providers VARCHAR(25) REFERENCES Providers (Name) , 
Price DOUBLE(10,2) CHECK(Price > 10) 
PRIMARY KEY (code,Pieces,providers) );


MariaDB [testdb]> show create table providers;
+-----------+-----------------------------------------------------------------------------------------------------------------------------------------------------------+
| Table     | Create Table                                                                                                                                              |
+-----------+-----------------------------------------------------------------------------------------------------------------------------------------------------------+
| providers | CREATE TABLE `providers` (
  `code` varchar(3) NOT NULL,
  `Name` varchar(25) DEFAULT NULL,
  PRIMARY KEY (`code`)
) ENGINE=InnoDB DEFAULT CHARSET=latin1 |
+-----------+-----------------------------------------------------------------------------------------------------------------------------------------------------------+
1 row in set (0.00 sec)

MariaDB [testdb]> show create table provides;
+----------+----------------------------------------------------------------------------------------------------------------------------------------------------------------------------------------------------------------------------------------------------------------------------+
| Table    | Create Table                                                                                                                                                                                                                                                               |
+----------+----------------------------------------------------------------------------------------------------------------------------------------------------------------------------------------------------------------------------------------------------------------------------+
| provides | CREATE TABLE `provides` (
  `Code` int(10) NOT NULL AUTO_INCREMENT,
  `Piece` int(10) NOT NULL,
  `Provider` varchar(50) NOT NULL,
  `Price` double(10,2) DEFAULT NULL,
  PRIMARY KEY (`Code`,`Piece`,`Provider`)
) ENGINE=InnoDB AUTO_INCREMENT=11 DEFAULT CHARSET=latin1 |
+----------+----------------------------------------------------------------------------------------------------------------------------------------------------------------------------------------------------------------------------------------------------------------------------+
1 row in set (0.00 sec)

MariaDB [testdb]> show create table pieces;
+--------+----------------------------------------------------------------------------------------------------------------------------------------------------+
| Table  | Create Table                                                                                                                                       |
+--------+----------------------------------------------------------------------------------------------------------------------------------------------------+
| pieces | CREATE TABLE `pieces` (
  `code` int(5) NOT NULL,
  `Name` varchar(25) DEFAULT NULL,
  PRIMARY KEY (`code`)
) ENGINE=InnoDB DEFAULT CHARSET=latin1 |
+--------+----------------------------------------------------------------------------------------------------------------------------------------------------+
1 row in set (0.00 sec)

MariaDB [testdb]> desc pieces;
+-------+-------------+------+-----+---------+-------+
| Field | Type        | Null | Key | Default | Extra |
+-------+-------------+------+-----+---------+-------+
| code  | int(5)      | NO   | PRI | NULL    |       |
| Name  | varchar(25) | YES  |     | NULL    |       |
+-------+-------------+------+-----+---------+-------+
2 rows in set (0.00 sec)

MariaDB [testdb]> desc proviers;
ERROR 1146 (42S02): Table 'testdb.proviers' doesn't exist
MariaDB [testdb]> desc providers;
+-------+-------------+------+-----+---------+-------+
| Field | Type        | Null | Key | Default | Extra |
+-------+-------------+------+-----+---------+-------+
| code  | varchar(3)  | NO   | PRI | NULL    |       |
| Name  | varchar(25) | YES  |     | NULL    |       |
+-------+-------------+------+-----+---------+-------+
2 rows in set (0.01 sec)

MariaDB [testdb]> desc pieces;desc provides;
+-------+-------------+------+-----+---------+-------+
| Field | Type        | Null | Key | Default | Extra |
+-------+-------------+------+-----+---------+-------+
| code  | int(5)      | NO   | PRI | NULL    |       |
| Name  | varchar(25) | YES  |     | NULL    |       |
+-------+-------------+------+-----+---------+-------+
2 rows in set (0.00 sec)

+----------+--------------+------+-----+---------+----------------+
| Field    | Type         | Null | Key | Default | Extra          |
+----------+--------------+------+-----+---------+----------------+
| Code     | int(10)      | NO   | PRI | NULL    | auto_increment |
| Piece    | int(10)      | NO   | PRI | NULL    |                |
| Provider | varchar(50)  | NO   | PRI | NULL    |                |
| Price    | double(10,2) | YES  |     | NULL    |                |
+----------+--------------+------+-----+---------+----------------+
4 rows in set (0.00 sec)


INSERT INTO Providers(Code, Name) VALUES('HAL','Clarke Enterprises');
INSERT INTO Providers(Code, Name) VALUES('RBT','Susan Calvin Corp.');
INSERT INTO Providers(Code, Name) VALUES('TNBC','Skellington Supplies');

INSERT INTO Pieces(Code, Name) VALUES(1,'Sprocket');
INSERT INTO Pieces(Code, Name) VALUES(2,'Screw');
INSERT INTO Pieces(Code, Name) VALUES(3,'Nut');
INSERT INTO Pieces(Code, Name) VALUES(4,'Bolt');

INSERT INTO Provides(Piece, Provider, Price) VALUES(1,'HAL',10);
INSERT INTO Provides(Piece, Provider, Price) VALUES(1,'RBT',15);
INSERT INTO Provides(Piece, Provider, Price) VALUES(2,'HAL',20);
INSERT INTO Provides(Piece, Provider, Price) VALUES(2,'RBT',15);
INSERT INTO Provides(Piece, Provider, Price) VALUES(2,'TNBC',14);
INSERT INTO Provides(Piece, Provider, Price) VALUES(3,'RBT',50);
INSERT INTO Provides(Piece, Provider, Price) VALUES(3,'TNBC',45);
INSERT INTO Provides(Piece, Provider, Price) VALUES(4,'HAL',5);
INSERT INTO Provides(Piece, Provider, Price) VALUES(4,'RBT',7);



MariaDB [testdb]> select * from pieces ;
+------+----------+
| code | Name     |
+------+----------+
|    1 | Sprocket |
|    2 | Screw    |
|    3 | Nut      |
|    4 | Bolt     |
+------+----------+



MariaDB [testdb]> select* from providers;
+------+----------------------+
| code | Name                 |
+------+----------------------+
| HAL  | Clarke Enterprises   |
| RBT  | Susan Calvin Corp.   |
| TNB  | Skellington Supplies |
+------+----------------------+



MariaDB [testdb]> select * from provides;
+------+-------+----------+-------+
| Code | Piece | Provider | Price |
+------+-------+----------+-------+
|    1 |     1 | HAL      | 10.00 |
|    2 |     1 | RBT      | 15.00 |
|    3 |     2 | HAL      | 20.00 |
|    4 |     2 | RBT      | 15.00 |
|    5 |     2 | TNBC     | 14.00 |
|    6 |     3 | RBT      | 50.00 |
|    7 |     3 | TNBC     | 45.00 |
|    8 |     4 | HAL      |  5.00 |
|    9 |     4 | RBT      |  7.00 |
+------+-------+----------+-------+


-- 5.3
-- Obtain the average price of each piece (show only the piece code and the average price).

select pi.code,avg(pro.price) from pieces pi, provides pro where pi.code = pro.piece group by pi.code;
+------+----------------+
| code | avg(pro.price) |
+------+----------------+
|    1 |      12.500000 |
|    2 |      16.333333 |
|    3 |      47.500000 |
|    4 |       6.000000 |
+------+----------------+
4 rows in set (0.02 sec)

-- 5.4 
-- Obtain the names of all providers who supply piece 1.    /* Without subquery */

MariaDB [testdb]> select pro.name from providers pro, provides prov where pro.code = prov.provider and prov.piece = 1;
+--------------------+
| name               |
+--------------------+
| Clarke Enterprises |
| Susan Calvin Corp. |
+--------------------+
2 rows in set (0.00 sec)


-- Obtain the names of all providers who supply piece 1.   
/* With subquery */


MariaDB [testdb]> select name from providers where code in (select provider from provides where piece = 1);
+--------------------+
| name               |
+--------------------+
| Clarke Enterprises |
| Susan Calvin Corp. |
+--------------------+
2 rows in set (0.05 sec)

-- 5.5
-- Select the name of pieces provided by provider with code "HAL".


MariaDB [testdb]>  select pi.name from pieces pi, provides prov where pi.code = prov.piece and prov.provider = 'HAL';
+----------+
| name     |
+----------+
| Sprocket |
| Screw    |
| Bolt     |
+----------+
3 rows in set (0.00 sec)

/* With EXISTS subquery */   
-- Interesting clause

MariaDB [testdb]> SELECT Name  FROM Pieces  WHERE EXISTS  (    SELECT * FROM Provides      WHERE Provider = 'HAL'        AND Piece = Pieces.Code  );
+----------+
| Name     |
+----------+
| Sprocket |
| Screw    |
| Bolt     |
+----------+
3 rows in set (0.00 sec)

- 5.6
-- ---------------------------------------------
-- !!!!!!!!!!!!!!!!!!!!!!!!!!!!!!!!!!!
-- Interesting and important one.
-- For each piece, find the most expensive offering of that piece and include the piece name, provider name, and price 
-- (note that there could be two providers who supply the same piece at the most expensive price).

MariaDB [testdb]>  select max(price),pi.name from provides prov, pieces pi where pi.code = prov.piece group by piece;
+------------+----------+
| max(price) | name     |
+------------+----------+
|      15.00 | Sprocket |
|      20.00 | Screw    |
|      50.00 | Nut      |
|       7.00 | Bolt     |
+------------+----------+
4 rows in set (0.00 sec)

-- 5.7
-- Add an entry to the database to indicate that "Skellington Supplies" (code "TNBC") will provide sprockets (code "1") for 7 cents each.

MariaDB [testdb]> insert into provides values(10,1,'TNBC',7);
Query OK, 1 row affected (0.08 sec)

MariaDB [testdb]> select * from provides;
+------+-------+----------+-------+
| Code | Piece | Provider | Price |
+------+-------+----------+-------+
|    1 |     1 | HAL      | 10.00 |
|    2 |     1 | RBT      | 15.00 |
|    3 |     2 | HAL      | 20.00 |
|    4 |     2 | RBT      | 15.00 |
|    5 |     2 | TNBC     | 14.00 |
|    6 |     3 | RBT      | 50.00 |
|    7 |     3 | TNBC     | 45.00 |
|    8 |     4 | HAL      |  5.00 |
|    9 |     4 | RBT      |  7.00 |
|   10 |     1 | TNBC     |  7.00 |
+------+-------+----------+-------+
10 rows in set (0.00 sec)

-- 5.8
-- Increase all prices by one cent.
MariaDB [testdb]> update provides set price = price + 0.1;
Query OK, 10 rows affected (0.09 sec)
Rows matched: 10  Changed: 10  Warnings: 0

MariaDB [testdb]> select * from provides;
+------+-------+----------+-------+
| Code | Piece | Provider | Price |
+------+-------+----------+-------+
|    1 |     1 | HAL      | 10.10 |
|    2 |     1 | RBT      | 15.10 |
|    3 |     2 | HAL      | 20.10 |
|    4 |     2 | RBT      | 15.10 |
|    5 |     2 | TNBC     | 14.10 |
|    6 |     3 | RBT      | 50.10 |
|    7 |     3 | TNBC     | 45.10 |
|    8 |     4 | HAL      |  5.10 |
|    9 |     4 | RBT      |  7.10 |
|   10 |     1 | TNBC     |  7.10 |
+------+-------+----------+-------+
10 rows in set (0.00 sec)

-- 5.9
-- Update the database to reflect that "Susan Calvin Corp." (code "RBT") will not supply bolts (code 4).

MariaDB [testdb]> delete from provides where provider = 'RBT' and piece = 4;
Query OK, 1 row affected (0.08 sec)

MariaDB [testdb]> select * from provides;
+------+-------+----------+-------+
| Code | Piece | Provider | Price |
+------+-------+----------+-------+
|    1 |     1 | HAL      | 10.10 |
|    2 |     1 | RBT      | 15.10 |
|    3 |     2 | HAL      | 20.10 |
|    4 |     2 | RBT      | 15.10 |
|    5 |     2 | TNBC     | 14.10 |
|    6 |     3 | RBT      | 50.10 |
|    7 |     3 | TNBC     | 45.10 |
|    8 |     4 | HAL      |  5.10 |
|   10 |     1 | TNBC     |  7.10 |
+------+-------+----------+-------+
9 rows in set (0.00 sec)


-- 5.10
-- Update the database to reflect that "Susan Calvin Corp." (code "RBT") will not supply any pieces 
-- (the provider should still remain in the database).


delete from provides where provider = 'RBT';

MariaDB [testdb]> delete from provides where provider = 'RBT';
Query OK, 3 rows affected (0.08 sec)

MariaDB [testdb]> select * from provides;
+------+-------+----------+-------+
| Code | Piece | Provider | Price |
+------+-------+----------+-------+
|    1 |     1 | HAL      | 10.10 |
|    3 |     2 | HAL      | 20.10 |
|    5 |     2 | TNBC     | 14.10 |
|    7 |     3 | TNBC     | 45.10 |
|    8 |     4 | HAL      |  5.10 |
|   10 |     1 | TNBC     |  7.10 |
+------+-------+----------+-------+
6 rows in set (0.00 sec)




